pref,year,emp.rate,cap.rate,age,age.hus,emp.rate.hus,urate,nuc.rate,numhh,hh.type
北海道,1990,0.270199052,0.187579122,31.64818103,34.17721104,0.989507609,0.036226665,0.824096511,250086,all
青森県,1990,0.450784448,0.363190506,31.40026512,34.2434338,0.982038545,0.044869305,0.564962781,68647,all
岩手県,1990,0.526724329,0.261866512,31.54297754,34.25208314,0.990067484,0.026278864,0.496609955,63126,all
宮城県,1990,0.420634255,0.132799058,31.50385343,34.19710736,0.990252267,0.027302886,0.579067535,107307,all
秋田県,1990,0.547322877,0.268256294,31.46496176,34.20592212,0.991810245,0.027171728,0.414471143,51772,all
山形県,1990,0.677741038,0.222824653,31.45861544,34.23096975,0.994908938,0.017453505,0.320299515,57159,all
福島県,1990,0.538244573,0.152795688,31.42488182,34.06136428,0.992049374,0.024239838,0.485892308,101753,all
茨城県,1990,0.364148799,0.179772714,31.51686211,34.37358059,0.990924687,0.023773701,0.604518347,134651,all
栃木県,1990,0.395588441,0.19369881,31.477754,34.24928213,0.991708162,0.022647601,0.574556639,92983,all
群馬県,1990,0.354379183,0.275512438,31.57554495,34.22953421,0.99188854,0.024601383,0.6395875,89503,all
埼玉県,1990,0.247636867,0.14565279,31.80699266,34.69450787,0.991412582,0.026742109,0.787490737,298227,all
千葉県,1990,0.269501091,0.18696395,31.8712513,34.78505831,0.990942164,0.026568948,0.770702641,254255,all
東京都,1990,0.279331459,0.250915655,32.26275305,35.21863764,0.98740058,0.030957403,0.882264496,458910,all
神奈川県,1990,0.210874347,0.128101716,31.92118003,34.86239249,0.991457578,0.029682621,0.856422249,359617,all
新潟県,1990,0.575734494,0.400573578,31.69854008,34.40796155,0.994305404,0.020190572,0.427348567,110280,all
富山県,1990,0.562245429,0.421816918,30.91888379,34.03386342,0.994496923,0.019920647,0.430388249,46156,all
石川県,1990,0.547978168,0.496571198,30.88862805,34.05880627,0.992742141,0.022517417,0.552868909,51117,all
福井県,1990,0.602614413,0.408975879,31.02258375,34.12102705,0.993736843,0.018869808,0.435718184,38479,all
山梨県,1990,0.390750549,0.361824781,31.80428885,34.7456401,0.993127503,0.02419682,0.602221935,38705,all
長野県,1990,0.429680332,0.435805094,32.0306907,34.96286531,0.993851314,0.017282248,0.526793718,94817,all
岐阜県,1990,0.3861687,0.322973184,31.11291539,34.33368174,0.993685617,0.020243151,0.519546571,92804,all
静岡県,1990,0.356475237,0.189048293,31.44931497,34.42498994,0.993273941,0.023608303,0.590822508,169044,all
愛知県,1990,0.307229476,0.314661271,31.00393851,34.14988791,0.992199953,0.024545965,0.717168121,311793,all
三重県,1990,0.364349651,0.334353782,30.83704329,33.94173733,0.990664068,0.02595181,0.6053334,80549,all
滋賀県,1990,0.354673767,0.248424529,31.36248244,34.52123697,0.991488875,0.021560643,0.574525435,61214,all
京都府,1990,0.324063264,0.312864249,31.77584917,34.74827611,0.981721332,0.028488885,0.771826772,109636,all
大阪府,1990,0.231480798,0.205981042,31.33694197,34.27776431,0.982036717,0.042339717,0.861586818,379552,all
兵庫県,1990,0.249258515,0.199859591,31.46021931,34.44873453,0.985895302,0.03332653,0.768961426,242756,all
奈良県,1990,0.243051171,0.249843242,31.54211387,34.60121736,0.986644651,0.028601737,0.683372995,61773,all
和歌山県,1990,0.325538249,0.32991936,30.95499849,34.01751737,0.984898822,0.034230101,0.670772749,46354,all
鳥取県,1990,0.569648678,0.422078699,31.4648678,34.40003622,0.989750091,0.024812858,0.464360739,27610,all
島根県,1990,0.563193439,0.343522126,31.57896165,34.39884829,0.992191269,0.019416459,0.479709358,33168,all
岡山県,1990,0.371534793,0.271365823,31.04157651,33.92718731,0.987113433,0.029314658,0.643898007,83653,all
広島県,1990,0.338646235,0.284955981,31.21331221,34.14159592,0.990138813,0.025508376,0.776724131,126861,all
山口県,1990,0.33056455,0.291029886,31.38601843,34.33312998,0.990238866,0.028341769,0.731255964,63927,all
徳島県,1990,0.462201702,0.31992407,31.07924014,33.97752684,0.977832786,0.038753022,0.576152862,35954,all
香川県,1990,0.42962353,0.308548783,31.05390879,33.98572801,0.985339189,0.030940427,0.638534376,43722,all
愛媛県,1990,0.345189176,0.324004905,31.24999239,34.02979941,0.985724287,0.036547243,0.74051076,65706,all
高知県,1990,0.503072659,0.548166714,31.62028558,34.39938547,0.976412821,0.047427567,0.746023617,33196,all
福岡県,1990,0.316045261,0.26796684,31.80221234,34.43814381,0.980288094,0.044783098,0.762456542,216874,all
佐賀県,1990,0.49950198,0.299681529,31.63498773,34.30473969,0.988363336,0.02757714,0.491120667,41163,all
長崎県,1990,0.40603361,0.269400682,31.93419721,34.49416211,0.987419856,0.034968082,0.693028278,74085,all
熊本県,1990,0.472239447,0.361926848,31.49749583,34.06397567,0.986000477,0.031767491,0.609456237,83860,all
大分県,1990,0.365069864,0.229827858,31.4872898,34.21030284,0.985727914,0.033428819,0.686668787,53461,all
宮崎県,1990,0.474751557,0.354641615,31.58632598,34.17573798,0.985947574,0.03373499,0.775234666,54439,all
鹿児島県,1990,0.3492827,0.249215257,31.80590717,34.52182037,0.985557565,0.033820794,0.880506329,82950,all
沖縄県,1990,0.4147428,0.196810898,32.05204247,34.51863163,0.966084837,0.077469745,0.858175502,71384,all
北海道,1995,0.272038311,0.203448265,31.81489301,34.34120691,0.986469063,0.043871523,0.857619687,222601,all
青森県,1995,0.442719248,0.388768898,31.76305585,34.46712317,0.98173418,0.050486774,0.590396832,60605,all
岩手県,1995,0.490199853,0.275848935,31.87539813,34.4667495,0.988467327,0.032389927,0.540898113,57142,all
宮城県,1995,0.384730709,0.164066722,31.8234023,34.41953328,0.98661042,0.038944375,0.636940765,96717,all
秋田県,1995,0.51098207,0.303618314,32.01285489,34.6601875,0.990602629,0.03366347,0.470533478,45119,all
山形県,1995,0.632543146,0.246520386,31.9710068,34.64015017,0.991822935,0.02661147,0.375457011,50874,all
福島県,1995,0.485257677,0.172533167,31.73348107,34.3237853,0.988396083,0.034389124,0.546071807,91607,all
茨城県,1995,0.337692853,0.19061577,31.63181706,34.38639894,0.985352333,0.037728052,0.64785064,125549,all
栃木県,1995,0.372373906,0.210862998,31.6827904,34.40549624,0.987755781,0.036673837,0.627756731,84203,all
群馬県,1995,0.338866033,0.287874723,31.60526316,34.21845888,0.988319856,0.036917469,0.695867026,84588,all
埼玉県,1995,0.240097699,0.148932138,31.7722496,34.56469683,0.986104223,0.043978467,0.822286545,296421,all
千葉県,1995,0.255868319,0.189758715,31.8804381,34.71308072,0.985225177,0.042600301,0.801988935,239123,all
東京都,1995,0.287452396,0.27259926,32.44356545,35.32583499,0.981836178,0.048576347,0.901992208,411202,all
神奈川県,1995,0.215122832,0.134202552,31.99097486,34.76474951,0.986339154,0.045620894,0.881719963,345147,all
新潟県,1995,0.535265458,0.429228678,31.90762972,34.56276056,0.992164348,0.027215652,0.475855141,99545,all
富山県,1995,0.519643107,0.443010681,31.21217359,34.08343065,0.992969589,0.027918802,0.494464428,42814,all
石川県,1995,0.513708847,0.515053732,31.2406034,34.19173477,0.990188457,0.032644987,0.610710759,47597,all
福井県,1995,0.559098421,0.446790109,31.43551604,34.32589616,0.992391862,0.024941195,0.478600331,35094,all
山梨県,1995,0.371950578,0.366426691,31.98711882,34.77917981,0.989011567,0.034339756,0.665904311,38040,all
長野県,1995,0.38565752,0.443905504,32.23276921,35.03834106,0.991289141,0.024547152,0.594729211,90347,all
岐阜県,1995,0.348041023,0.334153638,31.3998041,34.39191058,0.990493201,0.031969561,0.570477068,86780,all
静岡県,1995,0.33865079,0.199311224,31.69198318,34.55276602,0.990240221,0.034976952,0.633947002,155024,all
愛知県,1995,0.292520888,0.321826317,31.19781573,34.10008409,0.988354555,0.037238243,0.757597902,299688,all
三重県,1995,0.350423768,0.350156369,31.1955619,34.10226752,0.989127445,0.033549781,0.665308689,76339,all
滋賀県,1995,0.327034462,0.259574826,31.59669566,34.5323344,0.989116506,0.031458697,0.630439611,58529,all
京都府,1995,0.317831718,0.340660434,31.89562804,34.73428388,0.976481117,0.044307448,0.800617383,99452,all
大阪府,1995,0.225309086,0.220123807,31.36446361,34.1233014,0.976297965,0.061864593,0.881803218,354189,all
兵庫県,1995,0.239122264,0.220231563,31.65377835,34.45932595,0.981085894,0.051199282,0.802835997,223484,all
奈良県,1995,0.231481481,0.267820279,31.7635643,34.6467473,0.983548585,0.041639497,0.747112888,58536,all
和歌山県,1995,0.304167836,0.369152581,31.22198054,34.09806811,0.982856207,0.04480717,0.73297315,42756,all
鳥取県,1995,0.54865239,0.473581589,31.87460305,34.70132725,0.985343213,0.030068716,0.516041039,24562,all
島根県,1995,0.549894205,0.382884434,31.85018088,34.58173504,0.991365777,0.024042202,0.527062999,29302,all
岡山県,1995,0.37059374,0.299959963,31.25684985,34.01004731,0.984688572,0.037325608,0.701765103,76936,all
広島県,1995,0.336287947,0.300338189,31.31390632,34.131634,0.986798173,0.037323561,0.817027454,117105,all
山口県,1995,0.3417363,0.307900492,31.44691706,34.28058756,0.987738587,0.036109941,0.789304248,56845,all
徳島県,1995,0.441020902,0.34614708,31.3617767,34.16941754,0.976803467,0.045077823,0.649725975,31384,all
香川県,1995,0.406968782,0.336637862,31.20358583,33.98640732,0.983516344,0.038929197,0.708137854,39433,all
愛媛県,1995,0.338257472,0.346862777,31.46668495,34.12794763,0.984062243,0.044250737,0.790941185,58352,all
高知県,1995,0.513643824,0.591603935,31.74216933,34.41929969,0.97548215,0.053591951,0.791820544,29244,all
福岡県,1995,0.326082124,0.292507064,31.93157156,34.56618033,0.977155155,0.054700373,0.799655458,197944,all
佐賀県,1995,0.47701753,0.322831827,32.00996311,34.66459326,0.987586504,0.03521708,0.546436169,37137,all
長崎県,1995,0.411864826,0.301783165,32.1979792,34.75933032,0.986213406,0.042197874,0.728167358,64628,all
熊本県,1995,0.461882029,0.400311513,31.84808976,34.37580401,0.983953143,0.04160841,0.661103756,74781,all
大分県,1995,0.376089534,0.259630939,31.8205779,34.44180483,0.985563021,0.038668756,0.746291943,48071,all
宮崎県,1995,0.462877867,0.378370562,31.93302973,34.41793567,0.984195017,0.042435051,0.820354839,48529,all
鹿児島県,1995,0.359893377,0.285494815,32.26799262,34.93124188,0.984156927,0.041276397,0.908194929,73155,all
沖縄県,1995,0.403287074,0.217758454,32.35594836,34.80778486,0.95709551,0.102620937,0.878596183,66077,all
北海道,2000,0.286236936,0.212567928,32.04963761,34.29423136,0.977292278,0.047757487,0.890876371,202266,all
青森県,2000,0.463165678,0.407113007,32.06906999,34.44720564,0.974842654,0.054232972,0.638239166,55451,all
岩手県,2000,0.486240462,0.296623227,32.11034404,34.45501138,0.983343214,0.04025419,0.597521562,52291,all
宮城県,2000,0.374368059,0.161246695,31.96046321,34.25883637,0.975759409,0.048955172,0.700805859,92572,all
秋田県,2000,0.519557675,0.344962521,32.30129053,34.67442151,0.982376875,0.043128613,0.546466638,40061,all
山形県,2000,0.609933789,0.270621234,32.24716621,34.69922218,0.98602927,0.0334105,0.461784054,46669,all
福島県,2000,0.468721957,0.185307397,31.85677514,34.24383649,0.979384121,0.042883859,0.614945922,84692,all
茨城県,2000,0.343078332,0.201735763,31.9243736,34.34708233,0.977124781,0.042380376,0.704794806,120130,all
栃木県,2000,0.378924603,0.220212141,31.93915778,34.35625326,0.98102021,0.041123804,0.695602456,80454,all
群馬県,2000,0.357134277,0.298452002,31.95537323,34.26563438,0.981957091,0.041193869,0.761502054,83246,all
埼玉県,2000,0.25729045,0.154906015,32.27180113,34.74567266,0.97843952,0.046968017,0.858466102,291923,all
千葉県,2000,0.264143887,0.195111931,32.33204463,34.82690732,0.978000967,0.046870371,0.843972853,237965,all
東京都,2000,0.29369727,0.267560851,32.99416556,35.56457629,0.971103109,0.048153999,0.92727177,417692,all
神奈川県,2000,0.228720417,0.137786737,32.55944174,35.00541213,0.979014586,0.047937172,0.910685715,354389,all
新潟県,2000,0.51169058,0.445775625,32.1875128,34.54632574,0.983550185,0.038592177,0.554917158,92767,all
富山県,2000,0.520941858,0.463457381,31.69188722,34.0670887,0.988693966,0.034446105,0.587843678,42809,all
石川県,2000,0.512586879,0.534018198,31.67123665,34.13362434,0.984594847,0.036479216,0.692045262,47192,all
福井県,2000,0.54068078,0.478211544,31.88525173,34.43447192,0.987606001,0.030801011,0.560635711,33726,all
山梨県,2000,0.386932206,0.381723307,32.42422589,34.9088801,0.981939708,0.03787229,0.734715591,36655,all
長野県,2000,0.38029731,0.448065347,32.52225346,35.01567208,0.985582578,0.0310015,0.675098301,89267,all
岐阜県,2000,0.354846228,0.346756243,31.81971588,34.38285028,0.984465499,0.037216673,0.646587188,85809,all
静岡県,2000,0.346468019,0.204413526,32.00986421,34.52883385,0.984698927,0.037950777,0.699065704,151558,all
愛知県,2000,0.303173925,0.312349418,31.75263199,34.26237649,0.982935783,0.040149464,0.8147346,308892,all
三重県,2000,0.360647161,0.354025481,31.67118767,34.16820273,0.981580607,0.038706429,0.746153124,74541,all
滋賀県,2000,0.324550798,0.257295428,31.92359362,34.43350126,0.980755668,0.036534681,0.714256927,59550,all
京都府,2000,0.318152474,0.332269206,32.24173374,34.68459118,0.965926285,0.048804647,0.851590712,99138,all
大阪府,2000,0.234857479,0.216613095,31.87880103,34.21327771,0.963160105,0.070017173,0.910208882,357140,all
兵庫県,2000,0.256650624,0.216632638,32.0252759,34.4218144,0.970563606,0.053497523,0.854012411,226896,all
奈良県,2000,0.237740283,0.271314944,32.21537814,34.72151677,0.973305739,0.049289791,0.810579486,57016,all
和歌山県,2000,0.300012387,0.386369826,31.73206986,34.10925307,0.971980676,0.049518053,0.796283909,40365,all
鳥取県,2000,0.534067202,0.488961814,32.06192019,34.53007235,0.979271162,0.035719568,0.611123441,22529,all
島根県,2000,0.533680491,0.403073168,32.11251627,34.5311512,0.983671192,0.0296229,0.601971359,26885,all
岡山県,2000,0.375440263,0.3034801,31.57457755,33.92192014,0.975543156,0.043326815,0.765166805,75807,all
広島県,2000,0.345793074,0.313248833,31.72891248,34.13594929,0.978956555,0.042589673,0.863222018,113432,all
山口県,2000,0.356356058,0.312889236,31.64963531,34.03101742,0.980537362,0.040580146,0.845229235,53744,all
徳島県,2000,0.430889055,0.363280704,31.69661928,34.12485545,0.964866336,0.048942414,0.729168084,29402,all
香川県,2000,0.403186717,0.340766637,31.49015109,33.87709483,0.973340896,0.047323267,0.783246532,38786,all
愛媛県,2000,0.342965488,0.335129644,31.76272083,34.083189,0.975369638,0.049977441,0.847514175,54851,all
高知県,2000,0.524710145,0.59130096,32.00742754,34.34873188,0.965724638,0.053080578,0.848442029,27600,all
福岡県,2000,0.342391644,0.301385126,32.13290387,34.44423249,0.966638522,0.058552018,0.843027498,191868,all
佐賀県,2000,0.469160067,0.337500237,32.18541534,34.59061217,0.978784901,0.044248082,0.608590092,34598,all
長崎県,2000,0.425600803,0.331082865,32.39303276,34.6799813,0.978928596,0.048547597,0.768907127,57756,all
熊本県,2000,0.469630118,0.410046473,32.1100192,34.40158439,0.975088101,0.044238947,0.722072601,69806,all
大分県,2000,0.384514348,0.280060998,32.11209065,34.46733008,0.977537345,0.044586947,0.804069547,44919,all
宮崎県,2000,0.471877088,0.388644689,32.12046315,34.33299933,0.974370964,0.049923422,0.857782231,44910,all
鹿児島県,2000,0.382350729,0.292791475,32.42814376,34.847848,0.976772524,0.049046071,0.929700781,66473,all
沖縄県,2000,0.424354713,0.228659424,32.42812386,34.78200989,0.947279696,0.093702794,0.892157954,62879,all
北海道,2005,0.328256072,0.236876448,32.55358237,34.46853598,0.961711773,0.065160238,0.908224296,184417,all
青森県,2005,0.509074923,0.468052631,32.62174213,34.6599887,0.961481295,0.08383793,0.667252821,47769,all
岩手県,2005,0.519253409,0.354090037,32.43023181,34.51257518,0.972923222,0.062186426,0.631670198,46719,all
宮城県,2005,0.398391433,0.206753569,32.41985438,34.37650154,0.957293361,0.068699973,0.742398541,86661,all
秋田県,2005,0.550876079,0.409579141,32.66781168,34.68337038,0.973010421,0.06131714,0.605230494,34643,all
山形県,2005,0.615128449,0.313338659,32.51367745,34.62178877,0.97932921,0.048084938,0.527093245,42040,all
福島県,2005,0.487488695,0.219781383,32.22833624,34.34129845,0.964714055,0.060449628,0.652436067,76291,all
茨城県,2005,0.376191629,0.24086753,32.58467181,34.67678262,0.967867488,0.058615903,0.739863865,111507,all
栃木県,2005,0.412205761,0.245861468,32.48052602,34.54136124,0.968343485,0.053958832,0.739508053,77488,all
群馬県,2005,0.413444371,0.345261312,32.64792379,34.66062592,0.974162118,0.056581216,0.802836301,78412,all
埼玉県,2005,0.300690247,0.183720272,33.04292587,35.16435382,0.972332415,0.056878277,0.878492708,277292,all
千葉県,2005,0.299539407,0.212548266,33.12712355,35.27888344,0.966498854,0.056080439,0.870944108,233395,all
東京都,2005,0.320555249,0.279053606,33.90062664,36.16084536,0.938201543,0.056472415,0.939178528,422729,all
神奈川県,2005,0.270953399,0.165440328,33.48220037,35.63671085,0.974282457,0.054645412,0.923571327,350850,all
新潟県,2005,0.546864375,0.501967983,32.7593019,34.79253701,0.980376251,0.048131096,0.613048302,83827,all
富山県,2005,0.562490789,0.530039294,32.55367232,34.51768607,0.981355932,0.04399232,0.652812577,40710,all
石川県,2005,0.546178735,0.605225594,32.5934397,34.53665067,0.974361263,0.047081515,0.747606828,44815,all
福井県,2005,0.571006487,0.545674398,32.686942,34.78534267,0.975303488,0.04243507,0.626726187,31138,all
山梨県,2005,0.427792501,0.44599689,33.06932895,35.27165007,0.969173597,0.053459709,0.780285723,32829,all
長野県,2005,0.414441147,0.492373937,33.11091249,35.27529703,0.975784443,0.046046524,0.727277061,83913,all
岐阜県,2005,0.395594366,0.390976608,32.59455093,34.72496855,0.977256469,0.048213424,0.710463998,81078,all
静岡県,2005,0.388681023,0.230461066,32.65808879,34.83950786,0.980609305,0.045543465,0.749259194,146462,all
愛知県,2005,0.347232834,0.340059714,32.65342256,34.80609422,0.976079596,0.045902995,0.850565817,303632,all
三重県,2005,0.402679642,0.384702166,32.47521331,34.58606586,0.972033002,0.047215708,0.802947606,70905,all
滋賀県,2005,0.362969116,0.288095663,32.63591213,34.73434587,0.971658135,0.047236476,0.781893074,58994,all
京都府,2005,0.363266686,0.357926325,33.07016488,35.12340906,0.9593143,0.06031223,0.883361323,94677,all
大阪府,2005,0.287602151,0.25510366,32.92869662,34.91386626,0.952654507,0.086093109,0.926263208,334921,all
兵庫県,2005,0.303461587,0.244426866,32.98497156,34.99478841,0.964689874,0.06530066,0.884710979,216057,all
奈良県,2005,0.289025617,0.308773888,33.07857364,35.20592446,0.964244254,0.066228635,0.846199985,51684,all
和歌山県,2005,0.3548187,0.445970379,32.50527266,34.47124006,0.967997519,0.063445895,0.835025094,35466,all
鳥取県,2005,0.558347107,0.532072032,32.48949233,34.55466352,0.967367178,0.055243271,0.660920897,21175,all
島根県,2005,0.579766693,0.471070835,32.57502011,34.57703138,0.977312953,0.044425164,0.648230088,24860,all
岡山県,2005,0.421633062,0.356265564,32.34553581,34.29036705,0.968725632,0.052752396,0.809346107,71816,all
広島県,2005,0.394911433,0.361461756,32.50495959,34.47111932,0.973332344,0.049534545,0.888448655,107771,all
山口県,2005,0.397060002,0.343326638,32.33525595,34.25777057,0.976488024,0.050517997,0.872526636,49932,all
徳島県,2005,0.470531149,0.408057065,32.35123736,34.40192602,0.954350342,0.072985714,0.777201299,26791,all
香川県,2005,0.440471693,0.371884785,32.28927627,34.28412219,0.967645313,0.060638599,0.834826488,37058,all
愛媛県,2005,0.381343003,0.350795488,32.36210347,34.2389982,0.959440449,0.063737175,0.877905249,50469,all
高知県,2005,0.547403394,0.60154627,32.60139224,34.5884982,0.947988767,0.079150838,0.86678796,25283,all
福岡県,2005,0.381283213,0.337925671,32.74325943,34.65005663,0.958750762,0.074007144,0.869032581,183664,all
佐賀県,2005,0.502002081,0.39175026,32.50761421,34.52577482,0.973042848,0.05725343,0.661664092,31717,all
長崎県,2005,0.47116543,0.390326497,32.7999456,34.72208837,0.972039793,0.064814675,0.799246104,51466,all
熊本県,2005,0.50764919,0.442971038,32.51910749,34.41158527,0.968210957,0.059275471,0.766359047,64582,all
大分県,2005,0.423929664,0.328473302,32.57614201,34.49593846,0.971521407,0.061091584,0.837538226,41856,all
宮崎県,2005,0.50791112,0.44154968,32.41204262,34.25596102,0.966460789,0.061331096,0.877679077,40639,all
鹿児島県,2005,0.418888365,0.321401723,32.60209509,34.6532687,0.965840884,0.068715221,0.93517901,61477,all
沖縄県,2005,0.458778279,0.272539091,32.74913175,34.83204583,0.907965205,0.118537577,0.899493654,61618,all
北海道,2010,0.377861062,0.272432146,33.32776662,35.11480227,0.957131293,0.071196347,0.923047402,166765,all
青森県,2010,0.559464367,0.539291978,33.28221617,35.20257729,0.959171836,0.089777818,0.695339688,39654,all
岩手県,2010,0.556280547,0.430675234,33.08579155,35.01300022,0.956434366,0.070700335,0.659438807,40307,all
宮城県,2010,0.424860252,0.240375008,33.22760281,35.04202436,0.934779896,0.077856174,0.77856109,80144,all
秋田県,2010,0.60218194,0.499896602,33.38788184,35.18009399,0.958207452,0.069772688,0.643672373,29790,all
山形県,2010,0.634169569,0.377287954,33.2042882,35.06636374,0.962968002,0.057902551,0.575070744,36752,all
福島県,2010,0.497621013,0.270747736,32.84517824,34.80052533,0.929140713,0.071468607,0.683572233,66625,all
茨城県,2010,0.419922009,0.291099654,33.36025567,35.28976046,0.952491717,0.066823972,0.779610825,102319,all
栃木県,2010,0.443987017,0.293542651,33.37134507,35.26165152,0.950906971,0.06284821,0.776229082,71171,all
群馬県,2010,0.467128028,0.405201808,33.56796836,35.45611186,0.957008686,0.063290292,0.83324624,70805,all
埼玉県,2010,0.355023326,0.218501485,33.90535172,35.89637891,0.95191671,0.062960726,0.902379811,262794,all
千葉県,2010,0.339274328,0.241698522,33.98001706,35.94243118,0.93798105,0.061436289,0.895805829,222690,all
東京都,2010,0.368281772,0.292081916,34.76372316,36.85853607,0.877567831,0.058698947,0.952657255,439476,all
神奈川県,2010,0.313738274,0.202679578,34.36377146,36.35589173,0.916950078,0.057555806,0.941761088,340494,all
新潟県,2010,0.58172426,0.559268658,33.52328501,35.34297244,0.96586443,0.055050612,0.663179064,76079,all
富山県,2010,0.606887554,0.594273784,33.70177489,35.54271425,0.970862439,0.052132759,0.698948112,36791,all
石川県,2010,0.597537607,0.642447419,33.61193351,35.37944333,0.972669349,0.053713181,0.789427038,41748,all
福井県,2010,0.611634056,0.603549586,33.43892121,35.35942182,0.965485634,0.052360905,0.659933016,28365,all
山梨県,2010,0.470226232,0.512606879,33.7981398,35.84593867,0.941956012,0.061812742,0.810972412,28599,all
長野県,2010,0.455037044,0.550009196,33.98625598,35.97065645,0.973625267,0.054463927,0.762693669,75451,all
岐阜県,2010,0.429963443,0.43335566,33.46548795,35.4279657,0.969150483,0.055696941,0.755255969,73583,all
静岡県,2010,0.42079066,0.262746672,33.50640012,35.53201532,0.974377449,0.058122355,0.783410409,136013,all
愛知県,2010,0.382168127,0.362309703,33.52439919,35.52995587,0.961642564,0.050925162,0.87818664,292981,all
三重県,2010,0.443509083,0.425462205,33.33217729,35.24576414,0.962507448,0.050870983,0.838128122,65453,all
滋賀県,2010,0.397112422,0.321480766,33.54934413,35.45153623,0.957584294,0.050718572,0.828206708,56795,all
京都府,2010,0.41435909,0.39489196,34.07117458,35.99221087,0.948670768,0.062126964,0.908359203,88585,all
大阪府,2010,0.336364258,0.304277256,33.8313769,35.69957725,0.917052041,0.079738654,0.940936028,307277,all
兵庫県,2010,0.346537521,0.278341173,33.82864846,35.68253532,0.947536073,0.065424704,0.906560487,200290,all
奈良県,2010,0.33423367,0.34902161,33.94148534,35.87573197,0.930724519,0.074148804,0.878281726,46279,all
和歌山県,2010,0.400038933,0.516259892,33.27262994,35.1164428,0.95808189,0.067440475,0.864642139,30822,all
鳥取県,2010,0.61038356,0.581167492,33.30726228,35.16967752,0.964180341,0.059032349,0.699363321,19319,all
島根県,2010,0.639975603,0.587274742,33.3429032,35.12102466,0.966541779,0.045574635,0.689422323,22954,all
岡山県,2010,0.455363404,0.39778816,33.22219072,35.0592817,0.958265566,0.072414482,0.842029872,67019,all
広島県,2010,0.423163627,0.393332257,33.31822662,35.08536074,0.955753335,0.053551512,0.905963638,102471,all
山口県,2010,0.430698765,0.376257368,33.1311785,34.91521045,0.958256453,0.059344937,0.896064428,46067,all
徳島県,2010,0.506831463,0.451329208,33.21810232,35.10905116,0.929877664,0.076273509,0.800100895,23787,all
香川県,2010,0.487843207,0.416781796,33.26489948,35.08841843,0.952440254,0.062574374,0.858595742,33726,all
愛媛県,2010,0.425803918,0.383179083,33.00757014,34.77629914,0.963829137,0.072600215,0.894148959,45838,all
高知県,2010,0.569284687,0.654558426,33.50633537,35.27911574,0.902048886,0.076998565,0.882054277,22256,all
福岡県,2010,0.415988009,0.354140731,33.45005135,35.1999889,0.945885031,0.078475629,0.89308019,180135,all
佐賀県,2010,0.54424403,0.439209994,33.08308706,34.88087231,0.97082102,0.063259299,0.706613676,29439,all
長崎県,2010,0.51539433,0.440678925,33.35555023,35.06318861,0.968013761,0.066411006,0.828833341,45926,all
熊本県,2010,0.532857928,0.475731124,33.06012095,34.78023026,0.946444164,0.066777487,0.801833705,61842,all
大分県,2010,0.467179913,0.348034159,33.24638337,34.95305306,0.965557149,0.070779011,0.863234961,39747,all
宮崎県,2010,0.551086227,0.462383049,32.85272718,34.51548067,0.958795603,0.070155017,0.892925332,38758,all
鹿児島県,2010,0.473845994,0.354665733,33.08501563,34.91398277,0.964684753,0.068466529,0.944445404,57907,all
沖縄県,2010,0.506799894,0.318345119,33.44792844,35.29570393,0.893512669,0.110207948,0.908276252,60148,all
北海道,1990,0.216089667,0.187579122,31.58172202,34.03170868,0.989126374,0.036226665,0.824096511,206095,nuc
青森県,1990,0.367429028,0.363190506,31.59595699,34.35025656,0.981821932,0.044869305,0.564962781,38783,nuc
岩手県,1990,0.370219146,0.261866512,31.61880762,34.17582698,0.989090561,0.026278864,0.496609955,31349,nuc
宮城県,1990,0.262673404,0.132799058,31.65327175,34.27622389,0.98942676,0.027302886,0.579067535,62138,nuc
秋田県,1990,0.342622798,0.268256294,31.74694753,34.377668,0.990586262,0.027171728,0.414471143,21458,nuc
山形県,1990,0.416866943,0.222824653,31.6889338,34.3765567,0.993008521,0.017453505,0.320299515,18308,nuc
福島県,1990,0.369329099,0.152795688,31.42335309,33.99035214,0.990372363,0.024239838,0.485892308,49441,nuc
茨城県,1990,0.260015479,0.179772714,31.59200973,34.46194671,0.990847553,0.023773701,0.604518347,81399,nuc
栃木県,1990,0.308026355,0.19369881,31.37743336,34.15586628,0.990902965,0.022647601,0.574556639,53424,nuc
群馬県,1990,0.30519696,0.275512438,31.35976941,33.95396978,0.991999301,0.024601383,0.6395875,57245,nuc
埼玉県,1990,0.217431478,0.14565279,31.75033106,34.61640359,0.991769249,0.026742109,0.787490737,234851,nuc
千葉県,1990,0.213921564,0.18696395,31.90668776,34.80148503,0.991309229,0.026568948,0.770702641,195955,nuc
東京都,1990,0.270386287,0.250915655,32.17747234,35.07398488,0.98786801,0.030957403,0.882264496,404880,nuc
神奈川県,1990,0.196049145,0.128101716,31.83445569,34.73324264,0.99194114,0.029682621,0.856422249,307984,nuc
新潟県,1990,0.392654049,0.400573578,31.85772789,34.51379223,0.993103887,0.020190572,0.427348567,47128,nuc
富山県,1990,0.419330481,0.421816918,31.05537377,34.11175434,0.993556506,0.019920647,0.430388249,19865,nuc
石川県,1990,0.422207282,0.496571198,30.98216624,34.02805987,0.991472347,0.022517417,0.552868909,28261,nuc
福井県,1990,0.436061076,0.408975879,31.07670285,34.07264702,0.992067279,0.018869808,0.435718184,16766,nuc
山梨県,1990,0.326354627,0.361824781,31.50834442,34.35960359,0.992835385,0.02419682,0.602221935,23309,nuc
長野県,1990,0.332399047,0.435805094,31.84824521,34.66341669,0.992792649,0.017282248,0.526793718,49949,nuc
岐阜県,1990,0.327899452,0.322973184,31.10340966,34.26034926,0.992678779,0.020243151,0.519546571,48216,nuc
静岡県,1990,0.303289111,0.189048293,31.40911139,34.33662078,0.993161452,0.023608303,0.590822508,99875,nuc
愛知県,1990,0.272029623,0.314661271,30.95146864,34.0301152,0.992138027,0.024545965,0.717168121,223608,nuc
三重県,1990,0.309912016,0.334353782,30.86800386,33.89144568,0.990422281,0.02595181,0.6053334,48759,nuc
滋賀県,1990,0.245585601,0.248424529,31.37046831,34.41874947,0.990190224,0.021560643,0.574525435,35169,nuc
京都府,1990,0.290002364,0.312864249,31.65599149,34.54118412,0.9809974,0.028488885,0.771826772,84620,nuc
大阪府,1990,0.220220967,0.205981042,31.25409077,34.15204408,0.982208876,0.042339717,0.861586818,327017,nuc
兵庫県,1990,0.206594525,0.199859591,31.36915412,34.28595918,0.985627042,0.03332653,0.768961426,186670,nuc
奈良県,1990,0.205903255,0.249843242,31.48429431,34.47962761,0.987042213,0.028601737,0.683372995,42214,nuc
和歌山県,1990,0.283375679,0.32991936,30.85006272,33.79413373,0.984015695,0.034230101,0.670772749,31093,nuc
鳥取県,1990,0.439591296,0.422078699,31.42087201,34.2763435,0.987832462,0.024812858,0.464360739,12821,nuc
島根県,1990,0.435547734,0.343522126,31.52517127,34.23053234,0.991578153,0.019416459,0.479709358,15911,nuc
岡山県,1990,0.30725531,0.271365823,30.92859795,33.74504307,0.986540175,0.029314658,0.643898007,53864,nuc
広島県,1990,0.291081432,0.284955981,31.09165178,33.93964642,0.990429894,0.025508376,0.776724131,98536,nuc
山口県,1990,0.288809977,0.291029886,31.23438937,34.0907224,0.990480673,0.028341769,0.731255964,46747,nuc
徳島県,1990,0.379724837,0.31992407,30.96017379,33.79193821,0.973931933,0.038753022,0.576152862,20715,nuc
香川県,1990,0.351565298,0.308548783,30.97324307,33.80922702,0.983594813,0.030940427,0.638534376,27918,nuc
愛媛県,1990,0.303169188,0.324004905,31.10473528,33.78939905,0.985777705,0.036547243,0.74051076,48656,nuc
高知県,1990,0.473046638,0.548166714,31.5796487,34.2523723,0.975328084,0.047427567,0.746023617,24765,nuc
福岡県,1990,0.276456394,0.26796684,31.72849653,34.29760458,0.979329572,0.044783098,0.762456542,165357,nuc
佐賀県,1990,0.390977444,0.299681529,31.66190146,34.23981005,0.986743174,0.02757714,0.491120667,20216,nuc
長崎県,1990,0.33289835,0.269400682,31.9084588,34.37724714,0.986853125,0.034968082,0.693028278,51343,nuc
熊本県,1990,0.370169637,0.361926848,31.55947093,34.01803988,0.985521141,0.031767491,0.609456237,51109,nuc
大分県,1990,0.295369109,0.229827858,31.36502315,33.96771997,0.985262871,0.033428819,0.686668787,36710,nuc
宮崎県,1990,0.426652134,0.354641615,31.53759211,34.03468948,0.985948866,0.03373499,0.775234666,42203,nuc
鹿児島県,1990,0.326870944,0.249215257,31.73739697,34.3893042,0.986089433,0.033820794,0.880506329,73038,nuc
沖縄県,1990,0.409271956,0.196810898,32.0147731,34.40205681,0.968135815,0.077469745,0.858175502,61260,nuc
北海道,1995,0.234082564,0.203448265,31.72227315,34.17058568,0.986155563,0.043871523,0.857619687,190907,nuc
青森県,1995,0.385148543,0.388768898,31.8106537,34.39610408,0.981945725,0.050486774,0.590396832,35781,nuc
岩手県,1995,0.380322247,0.275848935,31.70476899,34.1232367,0.988934904,0.032389927,0.540898113,30908,nuc
宮城県,1995,0.27729169,0.164066722,31.70959207,34.20508741,0.986315602,0.038944375,0.636940765,61603,nuc
秋田県,1995,0.360904381,0.303618314,31.99505417,34.46161093,0.990249647,0.03366347,0.470533478,21230,nuc
山形県,1995,0.437202241,0.246520386,31.70577457,34.17894351,0.989686404,0.02661147,0.375457011,19101,nuc
福島県,1995,0.367243723,0.172533167,31.45086359,33.90848393,0.987046218,0.034389124,0.546071807,50024,nuc
茨城県,1995,0.269741938,0.19061577,31.5419059,34.27909807,0.985209683,0.037728052,0.64785064,81337,nuc
栃木県,1995,0.31654023,0.210862998,31.44389792,34.11288522,0.98721126,0.036673837,0.627756731,52859,nuc
群馬県,1995,0.308059529,0.287874723,31.30141687,33.80422004,0.987954878,0.036917469,0.695867026,58862,nuc
埼玉県,1995,0.222098686,0.148932138,31.65828762,34.40772043,0.986518587,0.043978467,0.822286545,243743,nuc
千葉県,1995,0.217839749,0.189758715,31.8279746,34.60666201,0.985675848,0.042600301,0.801988935,191774,nuc
東京都,1995,0.280751467,0.27259926,32.36633765,35.18860019,0.982434666,0.048576347,0.901992208,370901,nuc
神奈川県,1995,0.204578688,0.134202552,31.8910204,34.60729554,0.986649054,0.045620894,0.881719963,304323,nuc
新潟県,1995,0.400409551,0.429228678,31.71774789,34.27100002,0.991513437,0.027215652,0.475855141,47369,nuc
富山県,1995,0.416674539,0.443010681,31.04322154,33.80042513,0.992347662,0.027918802,0.494464428,21170,nuc
石川県,1995,0.41826063,0.515053732,31.09384891,33.93374157,0.988853722,0.032644987,0.610710759,29068,nuc
福井県,1995,0.435044058,0.446790109,31.18284115,33.96892117,0.991783758,0.024941195,0.478600331,16796,nuc
山梨県,1995,0.32939876,0.366426691,31.6243733,34.27507797,0.98894635,0.034339756,0.665904311,25331,nuc
長野県,1995,0.320591082,0.443905504,31.84180749,34.4926487,0.991103998,0.024547152,0.594729211,53732,nuc
岐阜県,1995,0.303639963,0.334153638,31.14838605,34.04965055,0.989900214,0.031969561,0.570477068,49506,nuc
静岡県,1995,0.300843534,0.199311224,31.42687506,34.21491295,0.990068887,0.034976952,0.633947002,98277,nuc
愛知県,1995,0.265923195,0.321826317,31.0300736,33.85088287,0.98810798,0.037238243,0.757597902,227043,nuc
三重県,1995,0.313552147,0.350156369,31.04142629,33.85522456,0.988777097,0.033549781,0.665308689,50789,nuc
滋賀県,1995,0.257513754,0.259574826,31.39063389,34.18474755,0.987479335,0.031458697,0.630439611,36899,nuc
京都府,1995,0.292365271,0.340660434,31.73267774,34.49117717,0.975622622,0.044307448,0.800617383,79623,nuc
大阪府,1995,0.217241655,0.220123807,31.2671416,33.97236853,0.976684543,0.061864593,0.881803218,312325,nuc
兵庫県,1995,0.207528662,0.220231563,31.51925917,34.23923064,0.980347897,0.051199282,0.802835997,179421,nuc
奈良県,1995,0.206731759,0.267820279,31.59504265,34.3734937,0.984062379,0.041639497,0.747112888,43733,nuc
和歌山県,1995,0.274929002,0.369152581,31.0231022,33.7824436,0.982130891,0.04480717,0.73297315,31339,nuc
鳥取県,1995,0.454122288,0.473581589,31.54911243,34.30098619,0.984220907,0.030068716,0.516041039,12675,nuc
島根県,1995,0.448329448,0.382884434,31.58527584,34.08818959,0.991193991,0.024042202,0.527062999,15444,nuc
岡山県,1995,0.32879554,0.299959963,31.0009446,33.64221815,0.984275157,0.037325608,0.701765103,53991,nuc
広島県,1995,0.302598298,0.300338189,31.13616505,33.8641694,0.987113025,0.037323561,0.817027454,95678,nuc
山口県,1995,0.315347241,0.307900492,31.21803958,33.93088615,0.988254435,0.036109941,0.789304248,44868,nuc
徳島県,1995,0.386346918,0.34614708,31.07802462,33.79638076,0.974792801,0.045077823,0.649725975,20391,nuc
香川県,1995,0.354856038,0.336637862,30.97310557,33.63103424,0.982559805,0.038929197,0.708137854,27924,nuc
愛媛県,1995,0.310099018,0.346862777,31.29993717,33.86033411,0.98420471,0.044250737,0.790941185,46153,nuc
高知県,1995,0.490024184,0.591603935,31.643289,34.20115737,0.975427535,0.053591951,0.791820544,23156,nuc
福岡県,1995,0.296461491,0.292507064,31.80563786,34.35944834,0.977275455,0.054700373,0.799655458,158287,nuc
佐賀県,1995,0.393583994,0.322831827,31.80338048,34.32395407,0.985857192,0.03521708,0.546436169,20293,nuc
長崎県,1995,0.358244794,0.301783165,32.06502337,34.5280493,0.986612835,0.042197874,0.728167358,47060,nuc
熊本県,1995,0.386362717,0.400311513,31.75393422,34.16321453,0.983676524,0.04160841,0.661103756,49438,nuc
大分県,1995,0.328808362,0.259630939,31.59163763,34.08710801,0.985337979,0.038668756,0.746291943,35875,nuc
宮崎県,1995,0.431890683,0.378370562,31.85104619,34.23141845,0.984778076,0.042435051,0.820354839,39811,nuc
鹿児島県,1995,0.345790876,0.285494815,32.19115279,34.79594816,0.984828188,0.041276397,0.908194929,66439,nuc
沖縄県,1995,0.402566532,0.217758454,32.36956335,34.75290673,0.960227371,0.102620937,0.878596183,58055,nuc
北海道,2000,0.261712377,0.212567928,32.0065485,34.16502769,0.977907145,0.047757487,0.890876371,180194,nuc
青森県,2000,0.418580995,0.407113007,32.08603882,34.307225,0.977367127,0.054232972,0.638239166,35391,nuc
岩手県,2000,0.412642023,0.296623227,31.92510802,34.08257321,0.98399744,0.04025419,0.597521562,31245,nuc
宮城県,2000,0.302165703,0.161246695,31.85872832,34.0083237,0.975522158,0.048955172,0.700805859,64875,nuc
秋田県,2000,0.414489311,0.344962521,32.14457336,34.27891467,0.982779097,0.043128613,0.546466638,21892,nuc
山形県,2000,0.477704051,0.270621234,31.78516078,33.94028119,0.985337107,0.0334105,0.461784054,21551,nuc
福島県,2000,0.391486339,0.185307397,31.58862157,33.79412838,0.979167067,0.042883859,0.614945922,52081,nuc
茨城県,2000,0.296644501,0.201735763,31.85283523,34.21225507,0.978456778,0.042380376,0.704794806,84667,nuc
栃木県,2000,0.342398685,0.220212141,31.82435137,34.14673719,0.982077764,0.041123804,0.695602456,55964,nuc
群馬県,2000,0.338307673,0.298452002,31.74578811,33.94448826,0.98241103,0.041193869,0.761502054,63392,nuc
埼玉県,2000,0.244670918,0.154906015,32.20069352,34.61599882,0.980211966,0.046968017,0.858466102,250606,nuc
千葉県,2000,0.237034197,0.195111931,32.29115796,34.71186441,0.979560437,0.046870371,0.843972853,200836,nuc
東京都,2000,0.288158961,0.267560851,32.95190207,35.47196332,0.972169867,0.048153999,0.92727177,387314,nuc
神奈川県,2000,0.220774191,0.137786737,32.5071157,34.89878446,0.980169612,0.047937172,0.910685715,322737,nuc
新潟県,2000,0.42396752,0.445775625,31.93599207,34.10818214,0.983332686,0.038592177,0.554917158,51478,nuc
富山県,2000,0.457063382,0.463457381,31.48758196,33.69481423,0.989469501,0.034446105,0.587843678,25165,nuc
石川県,2000,0.455157843,0.534018198,31.49248293,33.81680394,0.985057718,0.036479216,0.692045262,32659,nuc
福井県,2000,0.45964671,0.478211544,31.55785911,33.97270996,0.987254072,0.030801011,0.560635711,18908,nuc
山梨県,2000,0.355538227,0.381723307,32.11380936,34.47521444,0.982176674,0.03787229,0.734715591,26931,nuc
長野県,2000,0.336519315,0.448065347,32.17166136,34.50165937,0.984899774,0.0310015,0.675098301,60264,nuc
岐阜県,2000,0.322188779,0.346756243,31.5294054,33.95086783,0.984698016,0.037216673,0.646587188,55483,nuc
静岡県,2000,0.321362165,0.204413526,31.74346148,34.16203079,0.985455266,0.037950777,0.699065704,105949,nuc
愛知県,2000,0.283356843,0.312349418,31.61192458,34.04211948,0.983533666,0.040149464,0.8147346,251665,nuc
三重県,2000,0.335317068,0.354025481,31.53118539,33.94546828,0.981858717,0.038706429,0.746153124,55619,nuc
滋賀県,2000,0.28372596,0.257295428,31.72092914,34.09479475,0.980697795,0.036534681,0.714256927,42534,nuc
京都府,2000,0.300763992,0.332269206,32.125496,34.48344685,0.966704175,0.048804647,0.851590712,84425,nuc
大阪府,2000,0.228675493,0.216613095,31.813549,34.09390535,0.964407885,0.070017173,0.910208882,325072,nuc
兵庫県,2000,0.234920422,0.216632638,31.91786739,34.23009516,0.971002002,0.053497523,0.854012411,193772,nuc
奈良県,2000,0.220032024,0.271314944,32.07194478,34.46895015,0.974186429,0.049289791,0.810579486,46216,nuc
和歌山県,2000,0.280629706,0.386369826,31.54654346,33.83342667,0.972092589,0.049518053,0.796283909,32142,nuc
鳥取県,2000,0.471237653,0.488961814,31.71891342,34.01990122,0.980607205,0.035719568,0.611123441,13768,nuc
島根県,2000,0.46366782,0.403073168,31.79176965,34.00074147,0.983316856,0.0296229,0.601971359,16184,nuc
岡山県,2000,0.347728644,0.3034801,31.3874666,33.61606758,0.975915869,0.043326815,0.765166805,58005,nuc
広島県,2000,0.322875497,0.313248833,31.63269912,33.9550742,0.980187301,0.042589673,0.863222018,97917,nuc
山口県,2000,0.336283186,0.312889236,31.51261392,33.78345001,0.981662484,0.040580146,0.845229235,45426,nuc
徳島県,2000,0.394794533,0.363280704,31.49974346,33.7920612,0.965203601,0.048942414,0.729168084,21439,nuc
香川県,2000,0.37206623,0.340766637,31.33012937,33.60324566,0.974456039,0.047323267,0.783246532,30379,nuc
愛媛県,2000,0.323703401,0.335129644,31.62053908,33.84782843,0.976229914,0.049977441,0.847514175,46487,nuc
高知県,2000,0.508562156,0.59130096,31.92996541,34.16103685,0.965708673,0.053080578,0.848442029,23417,nuc
福岡県,2000,0.321149923,0.301385126,32.041051,34.26782071,0.968166924,0.058552018,0.843027498,161750,nuc
佐賀県,2000,0.409574468,0.337500237,31.91807561,34.13359612,0.978770897,0.044248082,0.608590092,21056,nuc
長崎県,2000,0.385349816,0.331082865,32.25298926,34.40018915,0.980274269,0.048547597,0.768907127,44409,nuc
熊本県,2000,0.418867176,0.410046473,31.99831366,34.16109513,0.976450749,0.044238947,0.722072601,50405,nuc
大分県,2000,0.350130129,0.280060998,31.92593721,34.14408328,0.978902486,0.044586947,0.804069547,36118,nuc
宮崎県,2000,0.453884692,0.388644689,32.06281961,34.16390208,0.975573034,0.049923422,0.857782231,38523,nuc
鹿児島県,2000,0.373139159,0.292791475,32.38778317,34.74587379,0.978074434,0.049046071,0.929700781,61800,nuc
沖縄県,2000,0.424382331,0.228659424,32.51534814,34.79644551,0.951406467,0.093702794,0.892157954,56098,nuc
北海道,2005,0.311101426,0.236876448,32.56757935,34.41838416,0.962219091,0.065160238,0.908224296,167492,nuc
青森県,2005,0.472579532,0.468052631,32.72033632,34.60008157,0.965112631,0.08383793,0.667252821,31874,nuc
岩手県,2005,0.468638813,0.354090037,32.42424859,34.33556979,0.974450205,0.062186426,0.631670198,29511,nuc
宮城県,2005,0.349938605,0.206753569,32.48385843,34.30442825,0.954800504,0.068699973,0.742398541,64337,nuc
秋田県,2005,0.481089331,0.409579141,32.66318501,34.46721038,0.973434445,0.06131714,0.605230494,20967,nuc
山形県,2005,0.526106774,0.313338659,32.28295501,34.1433729,0.97897017,0.048084938,0.527093245,22159,nuc
福島県,2005,0.436705173,0.219781383,32.19176293,34.11049724,0.962290306,0.060449628,0.652436067,49775,nuc
茨城県,2005,0.344133333,0.24086753,32.62575758,34.65254545,0.967454545,0.058615903,0.739863865,82500,nuc
栃木県,2005,0.387484076,0.245861468,32.49657086,34.46915519,0.966703314,0.053958832,0.739508053,57303,nuc
群馬県,2005,0.401337527,0.345261312,32.57980684,34.50730715,0.974409074,0.056581216,0.802836301,62952,nuc
埼玉県,2005,0.291376401,0.183720272,33.03165448,35.09658496,0.972762614,0.056878277,0.878492708,243599,nuc
千葉県,2005,0.280557277,0.212548266,33.15705895,35.24534864,0.966655844,0.056080439,0.870944108,203274,nuc
東京都,2005,0.316141837,0.279053606,33.90408243,36.12351581,0.937854203,0.056472415,0.939178528,397018,nuc
神奈川県,2005,0.264971377,0.165440328,33.47831253,35.58714336,0.975123058,0.054645412,0.923571327,324035,nuc
新潟県,2005,0.490114808,0.501967983,32.66228838,34.51371862,0.980093403,0.048131096,0.613048302,51390,nuc
富山県,2005,0.525586996,0.530039294,32.46846779,34.29003612,0.980282962,0.04399232,0.652812577,26576,nuc
石川県,2005,0.510953916,0.605225594,32.51605778,34.32599093,0.973704632,0.047081515,0.747606828,33504,nuc
福井県,2005,0.519907763,0.545674398,32.47168844,34.42941327,0.970894184,0.04243507,0.626726187,19515,nuc
山梨県,2005,0.408806996,0.44599689,32.90392723,34.98739069,0.968066833,0.053459709,0.780285723,25616,nuc
長野県,2005,0.38554434,0.492373937,32.92949138,34.93234253,0.974896769,0.046046524,0.727277061,61028,nuc
岐阜県,2005,0.37164731,0.390976608,32.4359148,34.44709477,0.977136607,0.048213424,0.710463998,57603,nuc
静岡県,2005,0.370409521,0.230461066,32.51759646,34.59158177,0.980854399,0.045543465,0.749259194,109738,nuc
愛知県,2005,0.333107462,0.340059714,32.59726863,34.67781568,0.976314475,0.045902995,0.850565817,258259,nuc
三重県,2005,0.385488205,0.384702166,32.44341595,34.45841603,0.971756275,0.047215708,0.802947606,56933,nuc
滋賀県,2005,0.340017777,0.288095663,32.54913608,34.53224792,0.970884731,0.047236476,0.781893074,46127,nuc
京都府,2005,0.350180549,0.357926325,33.02051797,35.00768826,0.959442332,0.06031223,0.883361323,83634,nuc
大阪府,2005,0.282304779,0.25510366,32.90972681,34.85070513,0.953369329,0.086093109,0.926263208,310225,nuc
兵庫県,2005,0.288326323,0.244426866,32.95512378,34.90047502,0.96469228,0.06530066,0.884710979,191148,nuc
奈良県,2005,0.278678404,0.308773888,33.02069281,35.05842003,0.964833657,0.066228635,0.846199985,43735,nuc
和歌山県,2005,0.343913557,0.445970379,32.43001857,34.31234172,0.968765828,0.063445895,0.835025094,29615,nuc
鳥取県,2005,0.512683101,0.532072032,32.38620936,34.30153626,0.965559128,0.055243271,0.660920897,13995,nuc
島根県,2005,0.5354018,0.471070835,32.40986658,34.23239218,0.977164133,0.044425164,0.648230088,16115,nuc
岡山県,2005,0.401486477,0.356265564,32.30563967,34.1497144,0.968962907,0.052752396,0.809346107,58124,nuc
広島県,2005,0.380390396,0.361461756,32.48846463,34.37835382,0.974391377,0.049534545,0.888448655,95749,nuc
山口県,2005,0.385130948,0.343326638,32.31193334,34.14302109,0.977873161,0.050517997,0.872526636,43567,nuc
徳島県,2005,0.453894919,0.408057065,32.29680146,34.25506676,0.954807415,0.072985714,0.777201299,20822,nuc
香川県,2005,0.422277532,0.371884785,32.2745903,34.18621715,0.968387368,0.060638599,0.834826488,30937,nuc
愛媛県,2005,0.369783556,0.350795488,32.34892906,34.158124,0.960277157,0.063737175,0.877905249,44307,nuc
高知県,2005,0.539676021,0.60154627,32.62354552,34.52498289,0.949121606,0.079150838,0.86678796,21915,nuc
福岡県,2005,0.365584863,0.337925671,32.73162709,34.57120481,0.959576468,0.074007144,0.869032581,159610,nuc
佐賀県,2005,0.460116268,0.39175026,32.37548842,34.2541218,0.97312494,0.05725343,0.661664092,20986,nuc
長崎県,2005,0.441435309,0.390326497,32.75570088,34.56734089,0.973792969,0.064814675,0.799246104,41134,nuc
熊本県,2005,0.473440689,0.442971038,32.50542501,34.27375588,0.969490635,0.059275471,0.766359047,49493,nuc
大分県,2005,0.402612962,0.328473302,32.51203788,34.32884528,0.973100183,0.061091584,0.837538226,35056,nuc
宮崎県,2005,0.495037569,0.44154968,32.47970169,34.21935629,0.968346978,0.061331096,0.877679077,35668,nuc
鹿児島県,2005,0.412492173,0.321401723,32.64008906,34.63314896,0.967699854,0.068715221,0.93517901,57492,nuc
沖縄県,2005,0.461632837,0.272539091,32.87036536,34.89048263,0.913053676,0.118537577,0.899493654,55425,nuc
北海道,2010,0.366811319,0.272432146,33.36537562,35.11046436,0.958825975,0.071196347,0.923047402,153932,nuc
青森県,2010,0.532223552,0.539291978,33.38940268,35.17992239,0.96369637,0.089777818,0.695339688,27573,nuc
岩手県,2010,0.519977427,0.430675234,33.14860798,34.94431904,0.954552295,0.070700335,0.659438807,26580,nuc
宮城県,2010,0.393256086,0.240375008,33.32706701,35.05864064,0.931791593,0.077856174,0.77856109,62397,nuc
秋田県,2010,0.556975228,0.499896602,33.47275098,35.13637549,0.955097784,0.069772688,0.643672373,19175,nuc
山形県,2010,0.575916726,0.377287954,33.19115212,34.91152117,0.957653182,0.057902551,0.575070744,21135,nuc
福島県,2010,0.457084514,0.270747736,32.93054915,34.7719957,0.920119448,0.071468607,0.683572233,45543,nuc
茨城県,2010,0.40058168,0.291099654,33.46266093,35.32535195,0.954368238,0.066823972,0.779610825,79769,nuc
栃木県,2010,0.426626844,0.293542651,33.44013033,35.27468549,0.951036293,0.06284821,0.776229082,55245,nuc
群馬県,2010,0.461168175,0.405201808,33.56784976,35.38375877,0.957523984,0.063290292,0.83324624,58998,nuc
埼玉県,2010,0.349983132,0.218501485,33.90779708,35.8424981,0.953938602,0.062960726,0.902379811,237140,nuc
千葉県,2010,0.327865976,0.241698522,34.03070877,35.94058259,0.938752901,0.061436289,0.895805829,199487,nuc
東京都,2010,0.367786085,0.292081916,34.77301932,36.83016457,0.880908591,0.058698947,0.952657255,418670,nuc
神奈川県,2010,0.310097173,0.202679578,34.3736372,36.32499439,0.917112616,0.057555806,0.941761088,320664,nuc
新潟県,2010,0.547350061,0.559268658,33.53942205,35.21936814,0.962361755,0.055050612,0.663179064,50454,nuc
富山県,2010,0.580906086,0.594273784,33.66225938,35.39976667,0.96947307,0.052132759,0.698948112,25715,nuc
石川県,2010,0.57893619,0.642447419,33.59829475,35.25772977,0.975816974,0.053713181,0.789427038,32957,nuc
福井県,2010,0.578877077,0.603549586,33.35691009,35.19194401,0.962978792,0.052360905,0.659933016,18719,nuc
山梨県,2010,0.458888458,0.512606879,33.74643211,35.68042082,0.938645281,0.061812742,0.810972412,23193,nuc
長野県,2010,0.441386022,0.550009196,33.92272269,35.79148855,0.975428353,0.054463927,0.762693669,57546,nuc
岐阜県,2010,0.42084428,0.43335566,33.40641307,35.26861482,0.971281535,0.055696941,0.755255969,55574,nuc
静岡県,2010,0.411547197,0.262746672,33.46104323,35.39170749,0.976528333,0.058122355,0.783410409,106554,nuc
愛知県,2010,0.374935871,0.362309703,33.50844177,35.44456882,0.963761019,0.050925162,0.87818664,257292,nuc
三重県,2010,0.433719786,0.425462205,33.35768712,35.20162966,0.964927631,0.050870983,0.838128122,54858,nuc
滋賀県,2010,0.386899953,0.321480766,33.5495982,35.3679153,0.958246524,0.050718572,0.828206708,47038,nuc
京都府,2010,0.408813551,0.39489196,34.0599749,35.93005828,0.952129444,0.062126964,0.908359203,80467,nuc
大阪府,2010,0.334339808,0.304277256,33.83596884,35.66595418,0.919257215,0.079738654,0.940936028,289128,nuc
兵庫県,2010,0.336825003,0.278341173,33.84169076,35.64441691,0.948423516,0.065424704,0.906560487,181575,nuc
奈良県,2010,0.328076563,0.34902161,33.92257541,35.80123505,0.930645082,0.074148804,0.878281726,40646,nuc
和歌山県,2010,0.393170732,0.516259892,33.25572233,35.0326454,0.958461538,0.067440475,0.864642139,26650,nuc
鳥取県,2010,0.582858412,0.581167492,33.2870994,35.03049367,0.967137888,0.059032349,0.699363321,13511,nuc
島根県,2010,0.610868878,0.587274742,33.26919431,34.90458136,0.963475513,0.045574635,0.689422323,15825,nuc
岡山県,2010,0.444145166,0.39778816,33.22953289,34.98855259,0.959721435,0.072414482,0.842029872,56432,nuc
広島県,2010,0.412624549,0.393332257,33.32406959,35.03080735,0.957095923,0.053551512,0.905963638,92835,nuc
山口県,2010,0.42220015,0.376257368,33.13277938,34.84394002,0.958477676,0.059344937,0.896064428,41279,nuc
徳島県,2010,0.492749054,0.451329208,33.23476251,35.06693989,0.928331232,0.076273509,0.800100895,19032,nuc
香川県,2010,0.476292434,0.416781796,33.27154056,35.0146424,0.95417343,0.062574374,0.858595742,28957,nuc
愛媛県,2010,0.419704289,0.383179083,33.05572635,34.75642902,0.966525155,0.072600215,0.894148959,40986,nuc
高知県,2010,0.56364933,0.654558426,33.56869237,35.27772401,0.900157914,0.076998565,0.882054277,19631,nuc
福岡県,2010,0.405668998,0.354140731,33.47471639,35.16954157,0.948220668,0.078475629,0.89308019,160875,nuc
佐賀県,2010,0.520142294,0.439209994,33.07297375,34.73867897,0.97283915,0.063259299,0.706613676,20802,nuc
長崎県,2010,0.496019966,0.440678925,33.38591882,35.00223302,0.971180875,0.066411006,0.828833341,38065,nuc
熊本県,2010,0.509548874,0.475731124,33.11339666,34.73478936,0.945651078,0.066777487,0.801833705,49587,nuc
大分県,2010,0.45390691,0.348034159,33.25309667,34.87211098,0.968115182,0.070779011,0.863234961,34311,nuc
宮崎県,2010,0.544238326,0.462383049,32.93547735,34.51358067,0.961598474,0.070155017,0.892925332,34608,nuc
鹿児島県,2010,0.471457305,0.354665733,33.12927409,34.9066557,0.967014079,0.068466529,0.944445404,54690,nuc
沖縄県,2010,0.513682708,0.318345119,33.56980469,35.37024766,0.901539419,0.110207948,0.908276252,54631,nuc
北海道,1990,0.528608127,0.187579122,31.96216721,34.86746847,0.991522653,0.036226665,0.824096511,42820,3ge
青森県,1990,0.560957367,0.363190506,31.13578568,34.09747059,0.982321344,0.044869305,0.564962781,29414,3ge
岩手県,1990,0.682775713,0.261866512,31.46303181,34.32183141,0.991103486,0.026278864,0.496609955,31473,3ge
宮城県,1990,0.640149314,0.132799058,31.28941839,34.07888149,0.99148375,0.027302886,0.579067535,44738,3ge
秋田県,1990,0.693508218,0.268256294,31.25950523,34.0801926,0.99269467,0.027171728,0.414471143,30115,3ge
山形県,1990,0.80176428,0.222824653,31.35094164,34.16176014,0.995860927,0.017453505,0.320299515,38656,3ge
福島県,1990,0.699336829,0.152795688,31.42223165,34.12715916,0.993618908,0.024239838,0.485892308,51872,3ge
茨城県,1990,0.524660106,0.179772714,31.39786108,34.22908015,0.991106813,0.023773701,0.604518347,52737,3ge
栃木県,1990,0.514462968,0.19369881,31.61244862,34.37317777,0.992825959,0.022647601,0.574556639,39169,3ge
群馬県,1990,0.441685478,0.275512438,31.95642087,34.71413343,0.99187986,0.024601383,0.6395875,31896,3ge
埼玉県,1990,0.36058481,0.14565279,32.01737061,34.97777206,0.990188825,0.026742109,0.787490737,62174,3ge
千葉県,1990,0.458041653,0.18696395,31.74652166,34.72410663,0.989839918,0.026568948,0.770702641,57283,3ge
東京都,1990,0.346552518,0.250915655,32.91580928,36.31011978,0.984413391,0.030957403,0.882264496,52096,3ge
神奈川県,1990,0.299590229,0.128101716,32.44637174,35.64298218,0.988900382,0.029682621,0.856422249,50272,3ge
新潟県,1990,0.713618317,0.400573578,31.57619146,34.32337325,0.995200663,0.020190572,0.427348567,62717,3ge
富山県,1990,0.671197213,0.421816918,30.81905892,33.97940197,0.995214212,0.019920647,0.430388249,26119,3ge
石川県,1990,0.704956449,0.496571198,30.77304682,34.09687403,0.994296326,0.022517417,0.552868909,22617,3ge
福井県,1990,0.732918389,0.408975879,30.97881927,34.15407125,0.995215755,0.018869808,0.435718184,21529,3ge
山梨県,1990,0.489554592,0.361824781,32.25587965,35.33169097,0.993693339,0.02419682,0.602221935,15222,3ge
長野県,1990,0.538485748,0.435805094,32.22907113,35.28826095,0.995189282,0.017282248,0.526793718,44484,3ge
岐阜県,1990,0.449481689,0.322973184,31.12056946,34.4055045,0.994862161,0.020243151,0.519546571,44182,3ge
静岡県,1990,0.43372596,0.189048293,31.50539253,34.54596072,0.993467586,0.023608303,0.590822508,68428,3ge
愛知県,1990,0.39661719,0.314661271,31.13882177,34.45299735,0.992474974,0.024545965,0.717168121,86910,3ge
三重県,1990,0.447877554,0.334353782,30.79096926,34.01934704,0.991058359,0.02595181,0.6053334,31426,3ge
滋賀県,1990,0.503338769,0.248424529,31.35689883,34.66363848,0.993400109,0.021560643,0.574525435,25758,3ge
京都府,1990,0.440882581,0.312864249,32.19209593,35.45854235,0.984583384,0.028488885,0.771826772,24519,3ge
大阪府,1990,0.302021356,0.205981042,31.87263092,35.0771504,0.981165531,0.042339717,0.861586818,50758,3ge
兵庫県,1990,0.392145465,0.199859591,31.76639843,34.99395106,0.986993878,0.03332653,0.768961426,55051,3ge
奈良県,1990,0.323599585,0.249843242,31.67323651,34.86514523,0.985736515,0.028601737,0.683372995,19280,3ge
和歌山県,1990,0.411925201,0.32991936,31.17448593,34.48219871,0.986690624,0.034230101,0.670772749,15027,3ge
鳥取県,1990,0.683242134,0.422078699,31.50478796,34.51025992,0.991586867,0.024812858,0.464360739,14620,3ge
島根県,1990,0.681847375,0.343522126,31.62924038,34.54948327,0.992818357,0.019416459,0.479709358,17127,3ge
岡山県,1990,0.488511998,0.271365823,31.24665217,34.26123309,0.988308069,0.029314658,0.643898007,29422,3ge
広島県,1990,0.506105445,0.284955981,31.6408562,34.85357707,0.989117943,0.025508376,0.776724131,27844,3ge
山口県,1990,0.445201422,0.291029886,31.80065166,34.99496445,0.989691943,0.028341769,0.731255964,16880,3ge
徳島県,1990,0.575518066,0.31992407,31.23718119,34.22735122,0.983129649,0.038753022,0.576152862,15056,3ge
香川県,1990,0.568666368,0.308548783,31.19457072,34.29240028,0.988603624,0.030940427,0.638534376,15619,3ge
愛媛県,1990,0.465595508,0.324004905,31.65774698,34.71950782,0.985605065,0.036547243,0.74051076,16742,3ge
高知県,1990,0.593530409,0.548166714,31.75648171,34.8531621,0.979646232,0.047427567,0.746023617,8254,3ge
福岡県,1990,0.444353925,0.26796684,32.04629722,34.89556302,0.983746299,0.044783098,0.762456542,50327,3ge
佐賀県,1990,0.604853855,0.299681529,31.60032744,34.35758656,0.990032263,0.02757714,0.491120667,20767,3ge
長崎県,1990,0.573212767,0.269400682,31.9867944,34.75415193,0.988853574,0.034968082,0.693028278,22339,3ge
熊本県,1990,0.633179524,0.361926848,31.39147131,34.11823728,0.986900375,0.031767491,0.609456237,32291,3ge
大分県,1990,0.519437201,0.229827858,31.75498817,34.74789253,0.986779065,0.033428819,0.686668787,16489,3ge
宮崎県,1990,0.643036072,0.354641615,31.7507515,34.66032064,0.986138945,0.03373499,0.775234666,11976,3ge
鹿児島県,1990,0.517642132,0.249215257,32.3303319,35.51795623,0.98157261,0.033820794,0.880506329,9551,3ge
沖縄県,1990,0.453414167,0.196810898,32.26855988,35.21314614,0.953520528,0.077469745,0.858175502,9402,3ge
北海道,1995,0.503928606,0.203448265,32.4012675,35.41093543,0.988553691,0.043871523,0.857619687,30927,3ge
青森県,1995,0.525993634,0.388768898,31.69211622,34.57018689,0.981473925,0.050486774,0.590396832,24506,3ge
岩手県,1995,0.621219118,0.275848935,32.07754175,34.87481721,0.987955053,0.032389927,0.540898113,25986,3ge
宮城県,1995,0.574946128,0.164066722,32.02327252,34.7947134,0.987300675,0.038944375,0.636940765,34805,3ge
秋田県,1995,0.645206114,0.303618314,32.02589583,34.8342246,0.990989094,0.03366347,0.470533478,23749,3ge
山形県,1995,0.751273855,0.246520386,32.13798778,34.92242934,0.993195557,0.02661147,0.375457011,31597,3ge
福島県,1995,0.628763271,0.172533167,32.07708343,34.82554419,0.99006157,0.034389124,0.546071807,41254,3ge
茨城県,1995,0.463601707,0.19061577,31.79797749,34.57687128,0.985664392,0.037728052,0.64785064,43807,3ge
栃木県,1995,0.466683851,0.210862998,32.09118443,34.90050264,0.988851656,0.036673837,0.627756731,31036,3ge
群馬県,1995,0.409496482,0.287874723,32.31366692,35.17656539,0.989465823,0.036917469,0.695867026,25441,3ge
埼玉県,1995,0.323711022,0.148932138,32.31288592,35.30049784,0.98435088,0.043978467,0.822286545,51824,3ge
千葉県,1995,0.411238222,0.189758715,32.10152175,35.14137924,0.983730763,0.042600301,0.801988935,46591,3ge
東京都,1995,0.348488351,0.27259926,33.20084252,36.62908736,0.976702371,0.048576347,0.901992208,38931,3ge
神奈川県,1995,0.29372614,0.134202552,32.7773257,35.98005827,0.984202331,0.045620894,0.881719963,39816,3ge
新潟県,1995,0.65888454,0.429228678,32.08019896,34.82816988,0.992770527,0.027215652,0.475855141,51871,3ge
富山県,1995,0.620734542,0.443010681,31.38261274,34.36494654,0.993537889,0.027918802,0.494464428,21510,3ge
石川県,1995,0.664977662,0.515053732,31.48403618,34.61278195,0.992372235,0.032644987,0.610710759,18354,3ge
福井県,1995,0.673837689,0.446790109,31.67620358,34.66602476,0.992957359,0.024941195,0.478600331,18175,3ge
山梨県,1995,0.457299618,0.366426691,32.71723919,35.79611959,0.989185751,0.034339756,0.665904311,12576,3ge
長野県,1995,0.481828194,0.443905504,32.80823238,35.84030837,0.991602423,0.024547152,0.594729211,36320,3ge
岐阜県,1995,0.407216216,0.334153638,31.74108108,34.85202703,0.991378378,0.031969561,0.570477068,37000,3ge
静岡県,1995,0.404176161,0.199311224,32.16127884,35.1472515,0.990654372,0.034976952,0.633947002,56176,3ge
愛知県,1995,0.376273785,0.321826317,31.73520597,34.89175437,0.98934969,0.037238243,0.757597902,71735,3ge
三重県,1995,0.423853647,0.350156369,31.51532431,34.60750772,0.990021383,0.033549781,0.665308689,25254,3ge
滋賀県,1995,0.446063323,0.259574826,31.95680396,35.13066218,0.992107967,0.031458697,0.630439611,21414,3ge
京都府,1995,0.421699708,0.340660434,32.56375186,35.72880488,0.98027765,0.044307448,0.800617383,19521,3ge
大阪府,1995,0.285369933,0.220123807,32.12851732,35.28782959,0.973878394,0.061864593,0.881803218,40656,3ge
兵庫県,1995,0.369140535,0.220231563,32.22017734,35.38163303,0.984413245,0.051199282,0.802835997,43306,3ge
奈良県,1995,0.305690612,0.267820279,32.28007944,35.47805245,0.982332397,0.041639497,0.747112888,14603,3ge
和歌山県,1995,0.385557133,0.369152581,31.77776792,34.97861959,0.984918382,0.04480717,0.73297315,11272,3ge
鳥取県,1995,0.650603434,0.473581589,32.23202448,35.13870474,0.986486486,0.030068716,0.516041039,11766,3ge
島根県,1995,0.663203023,0.382884434,32.14641767,35.13144892,0.991643656,0.024042202,0.527062999,13762,3ge
岡山県,1995,0.469622042,0.299959963,31.86378488,34.88237372,0.985870717,0.037325608,0.701765103,22648,3ge
広島県,1995,0.488137041,0.300338189,32.12384929,35.35437031,0.985716997,0.037323561,0.817027454,21074,3ge
山口県,1995,0.441026513,0.307900492,32.31653637,35.61488783,0.985723997,0.036109941,0.789304248,11768,3ge
徳島県,1995,0.543201916,0.34614708,31.89683125,34.87859248,0.980932203,0.045077823,0.649725975,10856,3ge
香川県,1995,0.534064969,0.336637862,31.7739245,34.8643547,0.986128183,0.038929197,0.708137854,11390,3ge
愛媛県,1995,0.445989839,0.346862777,32.11826435,35.173149,0.983509619,0.044250737,0.790941185,12007,3ge
高知県,1995,0.603297443,0.591603935,32.1295424,35.27977793,0.9762786,0.053591951,0.791820544,5944,3ge
福岡県,1995,0.446181631,0.292507064,32.45859133,35.42002064,0.977270382,0.054700373,0.799655458,38760,3ge
佐賀県,1995,0.578729778,0.322831827,32.27231875,35.07849011,0.989874176,0.03521708,0.546436169,16690,3ge
長崎県,1995,0.557824704,0.301783165,32.56262655,35.3760486,0.985420885,0.042197874,0.728167358,17285,3ge
熊本県,1995,0.61027589,0.400311513,32.03538585,34.79948021,0.98452619,0.04160841,0.661103756,25010,3ge
大分県,1995,0.516713787,0.259630939,32.50473973,35.49825378,0.986446034,0.038668756,0.746291943,12026,3ge
宮崎県,1995,0.606404114,0.378370562,32.32604885,35.29145729,0.981418722,0.042435051,0.820354839,8557,3ge
鹿児島県,1995,0.500540708,0.285494815,33.05824193,36.30094238,0.977599258,0.041276397,0.908194929,6473,3ge
沖縄県,1995,0.409997341,0.217758454,32.27519277,35.21457059,0.934193034,0.102620937,0.878596183,7522,3ge
北海道,2000,0.491066014,0.212567928,32.44926522,35.40214602,0.972708188,0.047757487,0.890876371,21435,3ge
青森県,2000,0.542332592,0.407113007,32.0472891,34.71014566,0.970615011,0.054232972,0.638239166,19772,3ge
岩手県,2000,0.596795087,0.296623227,32.38334213,35.00292664,0.982536103,0.04025419,0.597521562,20843,3ge
宮城県,2000,0.54488769,0.161246695,32.19982497,34.84878209,0.976334597,0.048955172,0.700805859,27424,3ge
秋田県,2000,0.646918775,0.344962521,32.50191019,35.16510714,0.982060794,0.043128613,0.546466638,18061,3ge
山形県,2000,0.724052356,0.270621234,32.64924148,35.36048513,0.986670936,0.0334105,0.461784054,24983,3ge
福島県,2000,0.592952688,0.185307397,32.28471018,34.95857072,0.979873669,0.042883859,0.614945922,32296,3ge
茨城県,2000,0.455282233,0.201735763,32.10273386,34.66951087,0.974031163,0.042380376,0.704794806,35042,3ge
栃木県,2000,0.463253236,0.220212141,32.20823855,34.84213574,0.978865958,0.041123804,0.695602456,24179,3ge
群馬県,2000,0.416832746,0.298452002,32.63876539,35.30573867,0.980377127,0.041193869,0.761502054,19569,3ge
埼玉県,2000,0.334025255,0.154906015,32.71601552,35.52954259,0.968122174,0.046968017,0.858466102,40467,3ge
千葉県,2000,0.411937351,0.195111931,32.56162054,35.45297199,0.970074334,0.046870371,0.843972853,36457,3ge
東京都,2000,0.364686866,0.267560851,33.58716511,36.79193177,0.958902225,0.048153999,0.92727177,29077,3ge
神奈川県,2000,0.309620286,0.137786737,33.12901118,36.12848833,0.967649173,0.047937172,0.910685715,30602,3ge
新潟県,2000,0.621896245,0.445775625,32.50159604,35.09717586,0.983844636,0.038592177,0.554917158,41039,3ge
富山県,2000,0.61285347,0.463457381,31.98628963,34.60382748,0.987546415,0.034446105,0.587843678,17505,3ge
石川県,2000,0.642212033,0.534018198,32.08857857,34.86786161,0.983673753,0.036479216,0.692045262,14394,3ge
福井県,2000,0.645600654,0.478211544,32.31190411,35.03255244,0.988082266,0.030801011,0.560635711,14684,3ge
山梨県,2000,0.476185513,0.381723307,33.29755081,36.12871287,0.981969776,0.03787229,0.734715591,9595,3ge
長野県,2000,0.471395244,0.448065347,33.26397159,36.08875657,0.987151363,0.0310015,0.675098301,28719,3ge
岐阜県,2000,0.414712047,0.346756243,32.36547227,35.18478225,0.984296503,0.037216673,0.646587188,30057,3ge
静岡県,2000,0.404655506,0.204413526,32.64407835,35.39513995,0.983036528,0.037950777,0.699065704,44979,3ge
愛知県,2000,0.390662431,0.312349418,32.38622611,35.24561248,0.980728621,0.040149464,0.8147346,56353,3ge
三重県,2000,0.435816419,0.354025481,32.0953248,34.84930113,0.981149253,0.038706429,0.746153124,18673,3ge
滋賀県,2000,0.427347376,0.257295428,32.4441866,35.29703677,0.981078186,0.036534681,0.714256927,16806,3ge
京都府,2000,0.41939503,0.332269206,32.94310237,35.87935211,0.962137468,0.048804647,0.851590712,14447,3ge
大阪府,2000,0.297000613,0.216613095,32.578407,35.46414619,0.951829012,0.070017173,0.910208882,30973,3ge
兵庫県,2000,0.384920635,0.216632638,32.67398794,35.56512243,0.968592346,0.053497523,0.854012411,32508,3ge
奈良県,2000,0.314229249,0.271314944,32.8479202,35.82928666,0.970167514,0.049289791,0.810579486,10626,3ge
和歌山県,2000,0.377725471,0.386369826,32.46456888,35.18942022,0.971878097,0.049518053,0.796283909,8072,3ge
鳥取県,2000,0.633279483,0.488961814,32.61043157,35.33948765,0.977267482,0.035719568,0.611123441,8666,3ge
島根県,2000,0.640264026,0.403073168,32.60113154,35.33616219,0.984347006,0.0296229,0.601971359,10605,3ge
岡山県,2000,0.465952476,0.3034801,32.20086615,34.93862898,0.97412958,0.043326815,0.765166805,17549,3ge
広島県,2000,0.491528763,0.313248833,32.35920672,35.30312582,0.971696874,0.042589673,0.863222018,15228,3ge
山口県,2000,0.466292135,0.312889236,32.40974597,35.4062042,0.974474841,0.040580146,0.845229235,8188,3ge
徳島県,2000,0.528675437,0.363280704,32.22672116,35.02976114,0.964235535,0.048942414,0.729168084,7829,3ge
香川県,2000,0.515626885,0.340766637,32.08929649,34.90092917,0.969590926,0.047323267,0.783246532,8287,3ge
愛媛県,2000,0.451940737,0.335129644,32.58099669,35.43026815,0.970246112,0.049977441,0.847514175,8167,3ge
高知県,2000,0.615781711,0.59130096,32.48426745,35.44518191,0.96705998,0.053080578,0.848442029,4068,3ge
福岡県,2000,0.45818021,0.301385126,32.65587995,35.42401661,0.959167007,0.058552018,0.843027498,29388,3ge
佐賀県,2000,0.562784112,0.337500237,32.60324912,35.29905358,0.979059542,0.044248082,0.608590092,13419,3ge
長崎県,2000,0.561967113,0.331082865,32.86746346,35.61525579,0.975030451,0.048547597,0.768907127,13136,3ge
熊本県,2000,0.60288109,0.410046473,32.40832897,35.03273965,0.971817706,0.044238947,0.722072601,19090,3ge
大分県,2000,0.525703089,0.280060998,32.89442139,35.8203089,0.972222222,0.044586947,0.804069547,8676,3ge
宮崎県,2000,0.582682188,0.388644689,32.4935417,35.3750598,0.967150375,0.049923422,0.857782231,6271,3ge
鹿児島県,2000,0.508,0.292791475,33.01777778,36.26222222,0.96,0.049046071,0.929700781,4500,3ge
沖縄県,2000,0.42294467,0.228659424,31.71397312,34.66723976,0.912941544,0.093702794,0.892157954,6398,3ge
北海道,2005,0.501920146,0.236876448,32.4611399,35.01493447,0.957878696,0.065160238,0.908224296,16405,3ge
青森県,2005,0.58301995,0.468052631,32.43214991,34.78985276,0.954044235,0.08383793,0.667252821,15689,3ge
岩手県,2005,0.607513942,0.354090037,32.44408571,34.81185794,0.970296448,0.062186426,0.631670198,17035,3ge
宮城県,2005,0.539553017,0.206753569,32.24479804,34.59213926,0.964685616,0.068699973,0.742398541,22059,3ge
秋田県,2005,0.658090675,0.409579141,32.68300774,35.02027276,0.972355326,0.06131714,0.605230494,13565,3ge
山形県,2005,0.714907618,0.313338659,32.77549987,35.16173121,0.979903822,0.048084938,0.527093245,19755,3ge
福島県,2005,0.583622299,0.219781383,32.29322105,34.7607362,0.96951568,0.060449628,0.652436067,26243,3ge
茨城県,2005,0.468325713,0.24086753,32.46263656,34.72800251,0.969425151,0.058615903,0.739863865,28651,3ge
栃木県,2005,0.483324139,0.245861468,32.43206781,34.74411956,0.973920457,0.053958832,0.739508053,19939,3ge
群馬県,2005,0.463526935,0.345261312,32.92514635,35.27435375,0.973886733,0.056581216,0.802836301,15203,3ge
埼玉県,2005,0.368005586,0.183720272,33.1351975,35.65515985,0.970033701,0.056878277,0.878492708,32937,3ge
千葉県,2005,0.429168081,0.212548266,32.94329372,35.51120543,0.965874363,0.056080439,0.870944108,29450,3ge
東京都,2005,0.389611984,0.279053606,33.89935331,36.771611,0.945604126,0.056472415,0.939178528,24432,3ge
神奈川県,2005,0.343571318,0.165440328,33.57046824,36.27754597,0.964804512,0.054645412,0.923571327,25884,3ge
新潟県,2005,0.637672168,0.501967983,32.91931381,35.24109691,0.981108078,0.048131096,0.613048302,32236,3ge
富山県,2005,0.633499644,0.530039294,32.71596579,34.94832502,0.98339273,0.04399232,0.652812577,14030,3ge
石川県,2005,0.650698424,0.605225594,32.84213825,35.18633596,0.976450573,0.047081515,0.747606828,11168,3ge
福井県,2005,0.657693644,0.545674398,33.05722473,35.39310524,0.982980201,0.04243507,0.626726187,11516,3ge
山梨県,2005,0.496329757,0.44599689,33.6798419,36.30053642,0.973461321,0.053459709,0.780285723,7084,3ge
長野県,2005,0.491382358,0.492373937,33.60398621,36.18287078,0.978433799,0.046046524,0.727277061,22628,3ge
岐阜県,2005,0.454470842,0.390976608,32.99913607,35.42548596,0.977883369,0.048213424,0.710463998,23150,3ge
静岡県,2005,0.443250559,0.230461066,33.09852775,35.59044831,0.980360744,0.045543465,0.749259194,36203,3ge
愛知県,2005,0.428012502,0.340059714,33.00060711,35.55665235,0.975288377,0.045902995,0.850565817,44473,3ge
三重県,2005,0.473188882,0.384702166,32.63690085,35.13817757,0.973809003,0.047215708,0.802947606,13707,3ge
滋賀県,2005,0.446283597,0.288095663,32.97067865,35.48269883,0.974934973,0.047236476,0.781893074,12687,3ge
京都府,2005,0.464418087,0.357926325,33.48767606,36.02798369,0.959414381,0.06031223,0.883361323,10792,3ge
大阪府,2005,0.354143833,0.25510366,33.20963662,35.74799764,0.944650535,0.086093109,0.926263208,23722,3ge
兵庫県,2005,0.421043999,0.244426866,33.24185017,35.74851355,0.965473408,0.06530066,0.884710979,24387,3ge
奈良県,2005,0.346297009,0.308773888,33.44140675,36.0636632,0.961879091,0.066228635,0.846199985,7791,3ge
和歌山県,2005,0.409130511,0.445970379,32.89824011,35.28018819,0.963930998,0.063445895,0.835025094,5739,3ge
鳥取県,2005,0.648336153,0.532072032,32.70431472,35.04850536,0.971235195,0.055243271,0.660920897,7092,3ge
島根県,2005,0.662433618,0.471070835,32.87970446,35.2169245,0.977718772,0.044425164,0.648230088,8662,3ge
岡山県,2005,0.506802468,0.356265564,32.53155899,34.90052784,0.967734741,0.052752396,0.809346107,13451,3ge
広島県,2005,0.511653624,0.361461756,32.66519224,35.22048316,0.965124192,0.049534545,0.888448655,11756,3ge
山口県,2005,0.480605183,0.343326638,32.52068244,35.04200869,0.967326573,0.050517997,0.872526636,6213,3ge
徳島県,2005,0.528240898,0.408057065,32.55290915,34.92531473,0.952875128,0.072985714,0.777201299,5878,3ge
香川県,2005,0.532769205,0.371884785,32.39571926,34.80902605,0.964327194,0.060638599,0.834826488,6027,3ge
愛媛県,2005,0.465528671,0.350795488,32.46652304,34.83974147,0.953264833,0.063737175,0.877905249,6034,3ge
高知県,2005,0.59975632,0.60154627,32.48583613,35.03076454,0.940298507,0.079150838,0.86678796,3283,3ge
福岡県,2005,0.487414384,0.337925671,32.86279966,35.21832192,0.954238014,0.074007144,0.869032581,23360,3ge
佐賀県,2005,0.585289958,0.39175026,32.77887789,35.0660066,0.972748703,0.05725343,0.661664092,10605,3ge
長崎県,2005,0.591455011,0.390326497,32.99527466,35.34711557,0.965544399,0.064814675,0.799246104,10158,3ge
熊本県,2005,0.621257989,0.442971038,32.57652203,34.8822738,0.964345779,0.059275471,0.766359047,14865,3ge
大分県,2005,0.534625207,0.328473302,32.93285264,35.39942917,0.964097942,0.061091584,0.837538226,6657,3ge
宮崎県,2005,0.602387322,0.44154968,31.97633258,34.58489401,0.953282568,0.061331096,0.877679077,4859,3ge
鹿児島県,2005,0.512733001,0.321401723,32.10895248,34.97322132,0.939616697,0.068715221,0.93517901,3809,3ge
沖縄県,2005,0.43457383,0.272539091,31.6544332,34.27062253,0.861773281,0.118537577,0.899493654,5831,3ge
北海道,2010,0.515518362,0.272432146,32.88154046,35.20604485,0.939795255,0.071196347,0.923047402,12308,3ge
青森県,2010,0.621087176,0.539291978,33.04299899,35.25437563,0.949259509,0.089777818,0.695339688,11884,3ge
岩手県,2010,0.627850343,0.430675234,32.96007675,35.13851376,0.960076747,0.070700335,0.659438807,13551,3ge
宮城県,2010,0.536886652,0.240375008,32.87384193,34.98152808,0.946071143,0.077856174,0.77856109,17486,3ge
秋田県,2010,0.683820032,0.499896602,33.23418625,35.25739561,0.964044516,0.069772688,0.643672373,10513,3ge
山形県,2010,0.713815365,0.377287954,33.22207876,35.27211104,0.970432537,0.057902551,0.575070744,15490,3ge
福島県,2010,0.587322184,0.270747736,32.6557574,34.83905229,0.949634756,0.071468607,0.683572233,20808,3ge
茨城県,2010,0.490441839,0.291099654,32.99391344,35.14021641,0.947520289,0.066823972,0.779610825,22180,3ge
栃木県,2010,0.506584836,0.293542651,33.12933129,35.20483314,0.952180028,0.06284821,0.776229082,15642,3ge
群馬県,2010,0.499696576,0.405201808,33.54096229,35.77459905,0.956913741,0.063290292,0.83324624,11535,3ge
埼玉県,2010,0.403623716,0.218501485,33.90730405,36.39779989,0.937757826,0.062960726,0.902379811,24726,3ge
千葉県,2010,0.439293992,0.241698522,33.55776431,35.94923337,0.934524871,0.061436289,0.895805829,22436,3ge
東京都,2010,0.39019983,0.292081916,34.65731293,37.4780506,0.834183673,0.058698947,0.952657255,18816,3ge
神奈川県,2010,0.375286407,0.202679578,34.25768636,36.89502851,0.921457878,0.057555806,0.941761088,18767,3ge
新潟県,2010,0.650324867,0.559268658,33.49379799,35.58771412,0.972908053,0.055050612,0.663179064,25395,3ge
富山県,2010,0.668555241,0.594273784,33.80800512,35.89061501,0.974961162,0.052132759,0.698948112,10943,3ge
石川県,2010,0.66812933,0.642447419,33.67494226,35.83660508,0.961778291,0.053713181,0.789427038,8660,3ge
福井県,2010,0.676270299,0.603549586,33.59507596,35.68098481,0.970770037,0.052360905,0.659933016,9545,3ge
山梨県,2010,0.520279193,0.512606879,34.02508961,36.55951707,0.957555178,0.061812742,0.810972412,5301,3ge
長野県,2010,0.498893115,0.550009196,34.20270194,36.52545836,0.968496339,0.054463927,0.762693669,17617,3ge
岐阜県,2010,0.458968281,0.43335566,33.66186929,35.94231855,0.963878542,0.055696941,0.755255969,17718,3ge
静岡県,2010,0.453481144,0.262746672,33.67892665,36.03836856,0.967778699,0.058122355,0.783410409,28956,3ge
愛知県,2010,0.436388351,0.362309703,33.6738005,36.16996848,0.95175984,0.050925162,0.87818664,34577,3ge
三重県,2010,0.497657165,0.425462205,33.2187622,35.47666927,0.95695041,0.050870983,0.838128122,10244,3ge
滋賀県,2010,0.447867547,0.321480766,33.57340459,35.8693283,0.956512627,0.050718572,0.828206708,9543,3ge
京都府,2010,0.475672215,0.39489196,34.22535211,36.65685019,0.923175416,0.062126964,0.908359203,7810,3ge
大阪府,2010,0.37157504,0.304277256,33.81869071,36.30057156,0.890342349,0.079738654,0.940936028,16971,3ge
兵庫県,2010,0.443137904,0.278341173,33.72794524,36.06978028,0.942751463,0.065424704,0.906560487,18114,3ge
奈良県,2010,0.379989065,0.34902161,34.09586295,36.44140696,0.934572626,0.074148804,0.878281726,5487,3ge
和歌山県,2010,0.444527363,0.516259892,33.38432836,35.66666667,0.957711443,0.067440475,0.864642139,4020,3ge
鳥取県,2010,0.6756238,0.581167492,33.3697435,35.50462397,0.957599023,0.059032349,0.699363321,5731,3ge
島根県,2010,0.706309643,0.587274742,33.52186298,35.59849024,0.973650477,0.045574635,0.689422323,7021,3ge
岡山県,2010,0.516415604,0.39778816,33.20075319,35.44582851,0.951139436,0.072414482,0.842029872,10356,3ge
広島県,2010,0.525994212,0.393332257,33.27076857,35.63007825,0.944259835,0.053551512,0.905963638,9329,3ge
山口県,2010,0.507096774,0.376257368,33.14946237,35.56021505,0.956989247,0.059344937,0.896064428,4650,3ge
徳島県,2010,0.56555436,0.451329208,33.17115178,35.27556512,0.937136706,0.076273509,0.800100895,4645,3ge
香川県,2010,0.55822948,0.416781796,33.23334766,35.53781693,0.942844865,0.062574374,0.858595742,4654,3ge
愛媛県,2010,0.479974571,0.383179083,32.60182242,34.96143251,0.94214876,0.072600215,0.894148959,4719,3ge
高知県,2010,0.614529575,0.654558426,33.03215562,35.30488289,0.917030568,0.076998565,0.882054277,2519,3ge
福岡県,2010,0.505994168,0.354140731,33.27821579,35.48012744,0.93141808,0.078475629,0.89308019,18518,3ge
佐賀県,2010,0.603334899,0.439209994,33.11496008,35.22569281,0.96665101,0.063259299,0.706613676,8516,3ge
長崎県,2010,0.611306043,0.440678925,33.21767381,35.35087719,0.953476283,0.066411006,0.828833341,7695,3ge
熊本県,2010,0.628726062,0.475731124,32.85470441,34.96919234,0.949958368,0.066777487,0.801833705,12010,3ge
大分県,2010,0.55260181,0.348034159,33.21700603,35.5086727,0.949660633,0.070779011,0.863234961,5304,3ge
宮崎県,2010,0.611996018,0.462383049,32.18168243,34.512444,0.93554007,0.070155017,0.892925332,4018,3ge
鹿児島県,2010,0.518384767,0.354665733,32.33978989,35.01378858,0.926460932,0.068466529,0.944445404,3046,3ge
沖縄県,2010,0.446446054,0.318345119,32.19678872,34.51713335,0.821421578,0.110207948,0.908276252,5107,3ge